
/* TABELA USER */

INSERT INTO user VALUES ('111111111', 'António Silva', '111111111');
INSERT INTO user VALUES ('222222222', 'Filipe Augusto', '222222222');
INSERT INTO user VALUES ('333333333', 'Nuno Mansinho', '333333333');
INSERT INTO user VALUES ('444444444', 'Maria Cardoso', '444444444');

/* TABELA FISCAL */

INSERT INTO fiscal VALUES ('1', 'FiscalLisboa');
INSERT INTO fiscal VALUES ('2', 'FiscalPorto');
INSERT INTO fiscal VALUES ('3', 'FiscalEvora');


/* TABELA EDIFICIO */

INSERT INTO edificio VALUES ('Avenida da Boavista, Porto');
INSERT INTO edificio VALUES ('Avenida da Liberdade, Lisboa');
INSERT INTO edificio VALUES ('Avenida da Republica, Lisboa');
INSERT INTO edificio VALUES ('Avenida dos Aliados, Porto');
INSERT INTO edificio VALUES ('Praca do Giraldo, Evora');

/* TABELA RESERVA */

INSERT INTO reserva VALUES ('1');
INSERT INTO reserva VALUES ('2');
INSERT INTO reserva VALUES ('3');
INSERT INTO reserva VALUES ('4');
INSERT INTO reserva VALUES ('5');
INSERT INTO reserva VALUES ('6');
INSERT INTO reserva VALUES ('7');
INSERT INTO reserva VALUES ('8');
INSERT INTO reserva VALUES ('9');
INSERT INTO reserva VALUES ('10');
INSERT INTO reserva VALUES ('11');
INSERT INTO reserva VALUES ('12');
INSERT INTO reserva VALUES ('13');
INSERT INTO reserva VALUES ('14');
INSERT INTO reserva VALUES ('15');
INSERT INTO reserva VALUES ('16');
INSERT INTO reserva VALUES ('17');
INSERT INTO reserva VALUES ('18');
INSERT INTO reserva VALUES ('19');
INSERT INTO reserva VALUES ('20');
INSERT INTO reserva VALUES ('21');
INSERT INTO reserva VALUES ('22');
INSERT INTO reserva VALUES ('23');
INSERT INTO reserva VALUES ('24');
INSERT INTO reserva VALUES ('25');
INSERT INTO reserva VALUES ('26');
INSERT INTO reserva VALUES ('27');
INSERT INTO reserva VALUES ('28');
INSERT INTO reserva VALUES ('29');
INSERT INTO reserva VALUES ('30');
INSERT INTO reserva VALUES ('31');
INSERT INTO reserva VALUES ('32');
INSERT INTO reserva VALUES ('33');
INSERT INTO reserva VALUES ('34');
INSERT INTO reserva VALUES ('35');
INSERT INTO reserva VALUES ('36');
INSERT INTO reserva VALUES ('37');
INSERT INTO reserva VALUES ('38');
INSERT INTO reserva VALUES ('39');
INSERT INTO reserva VALUES ('40');
INSERT INTO reserva VALUES ('41');
INSERT INTO reserva VALUES ('42');
INSERT INTO reserva VALUES ('43');
INSERT INTO reserva VALUES ('44');
INSERT INTO reserva VALUES ('45');
INSERT INTO reserva VALUES ('46');
INSERT INTO reserva VALUES ('47');
INSERT INTO reserva VALUES ('48');
INSERT INTO reserva VALUES ('49');
INSERT INTO reserva VALUES ('50');

/* TABELA ALUGAVEL */

INSERT INTO alugavel VALUES ('Avenida da Boavista, Porto', '1',"foto");
INSERT INTO alugavel VALUES ('Avenida da Boavista, Porto', '2',"foto");
INSERT INTO alugavel VALUES ('Avenida da Boavista, Porto', '3',"foto");
INSERT INTO alugavel VALUES ('Avenida da Boavista, Porto', '4',"foto");
INSERT INTO alugavel VALUES ('Avenida da Boavista, Porto', '5',"foto");
INSERT INTO alugavel VALUES ('Avenida da Liberdade, Lisboa', '1',"foto");
INSERT INTO alugavel VALUES ('Avenida da Liberdade, Lisboa', '2',"foto");
INSERT INTO alugavel VALUES ('Avenida da Liberdade, Lisboa', '3',"foto");
INSERT INTO alugavel VALUES ('Avenida da Liberdade, Lisboa', '4',"foto");
INSERT INTO alugavel VALUES ('Avenida da Liberdade, Lisboa', '5',"foto");
INSERT INTO alugavel VALUES ('Avenida da Republica, Lisboa', '1',"foto");
INSERT INTO alugavel VALUES ('Avenida da Republica, Lisboa', '2',"foto");
INSERT INTO alugavel VALUES ('Avenida da Republica, Lisboa', '3',"foto");
INSERT INTO alugavel VALUES ('Avenida da Republica, Lisboa', '4',"foto");
INSERT INTO alugavel VALUES ('Avenida da Republica, Lisboa', '5',"foto");
INSERT INTO alugavel VALUES ('Avenida dos Aliados, Porto', '1',"foto");
INSERT INTO alugavel VALUES ('Avenida dos Aliados, Porto', '2',"foto");
INSERT INTO alugavel VALUES ('Avenida dos Aliados, Porto', '3',"foto");
INSERT INTO alugavel VALUES ('Avenida dos Aliados, Porto', '4',"foto");
INSERT INTO alugavel VALUES ('Avenida dos Aliados, Porto', '5',"foto");
INSERT INTO alugavel VALUES ('Praca do Giraldo, Evora', '1',"foto");
INSERT INTO alugavel VALUES ('Praca do Giraldo, Evora', '2',"foto");
INSERT INTO alugavel VALUES ('Praca do Giraldo, Evora', '3',"foto");
INSERT INTO alugavel VALUES ('Praca do Giraldo, Evora', '4',"foto");
INSERT INTO alugavel VALUES ('Praca do Giraldo, Evora', '5',"foto");


/* TABELA ARRENDA */

INSERT INTO arrenda VALUES ('Avenida da Boavista, Porto', '1', '111111111');
INSERT INTO arrenda VALUES ('Avenida da Boavista, Porto', '2', '111111111');
INSERT INTO arrenda VALUES ('Avenida da Boavista, Porto', '3', '111111111');
INSERT INTO arrenda VALUES ('Avenida da Boavista, Porto', '4', '222222222');
INSERT INTO arrenda VALUES ('Avenida da Boavista, Porto', '5', '222222222');
INSERT INTO arrenda VALUES ('Avenida da Liberdade, Lisboa', '1', '333333333');
INSERT INTO arrenda VALUES ('Avenida da Liberdade, Lisboa', '2', '333333333');
INSERT INTO arrenda VALUES ('Avenida da Liberdade, Lisboa', '3', '444444444');
INSERT INTO arrenda VALUES ('Avenida da Liberdade, Lisboa', '4', '222222222');
INSERT INTO arrenda VALUES ('Avenida da Liberdade, Lisboa', '5', '444444444');
INSERT INTO arrenda VALUES ('Avenida da Republica, Lisboa', '1', '222222222');
INSERT INTO arrenda VALUES ('Avenida da Republica, Lisboa', '2', '333333333');
INSERT INTO arrenda VALUES ('Avenida da Republica, Lisboa', '3', '222222222');
INSERT INTO arrenda VALUES ('Avenida da Republica, Lisboa', '4', '111111111');
INSERT INTO arrenda VALUES ('Avenida da Republica, Lisboa', '5', '444444444');
INSERT INTO arrenda VALUES ('Avenida dos Aliados, Porto', '1', '444444444');
INSERT INTO arrenda VALUES ('Avenida dos Aliados, Porto', '2', '444444444');
INSERT INTO arrenda VALUES ('Avenida dos Aliados, Porto', '3', '333333333');
INSERT INTO arrenda VALUES ('Avenida dos Aliados, Porto', '4', '222222222');
INSERT INTO arrenda VALUES ('Avenida dos Aliados, Porto', '5', '111111111');
INSERT INTO arrenda VALUES ('Praca do Giraldo, Evora', '1', '333333333');
INSERT INTO arrenda VALUES ('Praca do Giraldo, Evora', '2', '444444444');
INSERT INTO arrenda VALUES ('Praca do Giraldo, Evora', '3', '222222222');
INSERT INTO arrenda VALUES ('Praca do Giraldo, Evora', '4', '111111111');
INSERT INTO arrenda VALUES ('Praca do Giraldo, Evora', '5', '333333333');



/* FISCALIZA */

INSERT INTO fiscaliza VALUES ('3', 'Praca do Giraldo, Evora', '1');
INSERT INTO fiscaliza VALUES ('3', 'Praca do Giraldo, Evora', '2');
INSERT INTO fiscaliza VALUES ('3', 'Praca do Giraldo, Evora', '3');
INSERT INTO fiscaliza VALUES ('3', 'Praca do Giraldo, Evora', '4');
INSERT INTO fiscaliza VALUES ('3', 'Praca do Giraldo, Evora', '5');
INSERT INTO fiscaliza VALUES ('2', 'Avenida da Boavista, Porto', '1');
INSERT INTO fiscaliza VALUES ('3', 'Avenida da Boavista, Porto', '2');
INSERT INTO fiscaliza VALUES ('3', 'Avenida da Boavista, Porto', '3');
INSERT INTO fiscaliza VALUES ('3', 'Avenida da Boavista, Porto', '4');
INSERT INTO fiscaliza VALUES ('2', 'Avenida da Boavista, Porto', '5');
INSERT INTO fiscaliza VALUES ('3', 'Avenida da Republica, Lisboa', '1');
INSERT INTO fiscaliza VALUES ('1', 'Avenida da Republica, Lisboa', '2');
INSERT INTO fiscaliza VALUES ('2', 'Avenida da Republica, Lisboa', '3');
INSERT INTO fiscaliza VALUES ('3', 'Avenida da Republica, Lisboa', '4');
INSERT INTO fiscaliza VALUES ('3', 'Avenida da Republica, Lisboa', '5');
INSERT INTO fiscaliza VALUES ('1', 'Avenida dos Aliados, Porto', '1');
INSERT INTO fiscaliza VALUES ('2', 'Avenida dos Aliados, Porto', '2');
INSERT INTO fiscaliza VALUES ('3', 'Avenida dos Aliados, Porto', '3');
INSERT INTO fiscaliza VALUES ('1', 'Avenida dos Aliados, Porto', '4');
INSERT INTO fiscaliza VALUES ('2', 'Avenida dos Aliados, Porto', '5');
INSERT INTO fiscaliza VALUES ('1', 'Avenida da Liberdade, Lisboa', '1');
INSERT INTO fiscaliza VALUES ('1', 'Avenida da Liberdade, Lisboa', '2');
INSERT INTO fiscaliza VALUES ('1', 'Avenida da Liberdade, Lisboa', '3');
INSERT INTO fiscaliza VALUES ('2', 'Avenida da Liberdade, Lisboa', '4');
INSERT INTO fiscaliza VALUES ('2', 'Avenida da Liberdade, Lisboa', '5');


/* ESPAÇO */

INSERT INTO espaco VALUES ('Avenida da Boavista, Porto', '1');
INSERT INTO espaco VALUES ('Avenida da Liberdade, Lisboa', '1');
INSERT INTO espaco VALUES ('Avenida da Republica, Lisboa', '1');
INSERT INTO espaco VALUES ('Avenida dos Aliados, Porto', '1');
INSERT INTO espaco VALUES ('Praca do Giraldo, Evora', '1');


/* POSTO */

INSERT INTO posto VALUES ('Praca do Giraldo, Evora', '1', '1');
INSERT INTO posto VALUES ('Praca do Giraldo, Evora', '2', '1');
INSERT INTO posto VALUES ('Praca do Giraldo, Evora', '3', '1');
INSERT INTO posto VALUES ('Praca do Giraldo, Evora', '4', '1');
INSERT INTO posto VALUES ('Praca do Giraldo, Evora', '5', '1');
INSERT INTO posto VALUES ('Avenida dos Aliados, Porto', '1', '1');
INSERT INTO posto VALUES ('Avenida dos Aliados, Porto', '2', '1');
INSERT INTO posto VALUES ('Avenida dos Aliados, Porto', '3', '1');
INSERT INTO posto VALUES ('Avenida dos Aliados, Porto', '4', '1');
INSERT INTO posto VALUES ('Avenida dos Aliados, Porto', '5', '1');

INSERT INTO posto VALUES ('Avenida da Republica, Lisboa', '1', '1');
INSERT INTO posto VALUES ('Avenida da Republica, Lisboa', '2', '1');
INSERT INTO posto VALUES ('Avenida da Republica, Lisboa', '3', '1');
INSERT INTO posto VALUES ('Avenida da Republica, Lisboa', '4', '1');
INSERT INTO posto VALUES ('Avenida da Republica, Lisboa', '5', '1');
INSERT INTO posto VALUES ('Avenida da Liberdade, Lisboa', '1', '1');
INSERT INTO posto VALUES ('Avenida da Liberdade, Lisboa', '2', '1');
INSERT INTO posto VALUES ('Avenida da Liberdade, Lisboa', '3', '1');
INSERT INTO posto VALUES ('Avenida da Liberdade, Lisboa', '4', '1');
INSERT INTO posto VALUES ('Avenida da Liberdade, Lisboa', '5', '1');

INSERT INTO posto VALUES ('Avenida da Boavista, Porto', '1', '1');
INSERT INTO posto VALUES ('Avenida da Boavista, Porto', '2', '1');
INSERT INTO posto VALUES ('Avenida da Boavista, Porto', '3', '1');
INSERT INTO posto VALUES ('Avenida da Boavista, Porto', '4', '1');
INSERT INTO posto VALUES ('Avenida da Boavista, Porto', '5', '1');

/* OFERTA */

INSERT INTO oferta VALUES ('Avenida da Boavista, Porto', '1', '2017/01/01', '2017/01/31', '1250');
INSERT INTO oferta VALUES ('Avenida da Boavista, Porto', '1', '2017/02/01', '2017/02/28', '1250');
INSERT INTO oferta VALUES ('Avenida da Boavista, Porto', '1', '2017/03/01', '2017/03/31', '1250');
INSERT INTO oferta VALUES ('Avenida da Boavista, Porto', '2', '2017/01/01', '2017/01/31', '275');
INSERT INTO oferta VALUES ('Avenida da Boavista, Porto', '2', '2017/02/01', '2017/02/28', '275');
INSERT INTO oferta VALUES ('Avenida da Boavista, Porto', '2', '2017/03/01', '2017/03/31', '275');
INSERT INTO oferta VALUES ('Avenida da Boavista, Porto', '3', '2017/01/01', '2017/01/31', '310');
INSERT INTO oferta VALUES ('Avenida da Boavista, Porto', '3', '2017/02/01', '2017/02/28', '310');
INSERT INTO oferta VALUES ('Avenida da Boavista, Porto', '3', '2017/03/01', '2017/03/31', '310');
INSERT INTO oferta VALUES ('Avenida da Boavista, Porto', '4', '2017/01/01', '2017/01/31', '400');
INSERT INTO oferta VALUES ('Avenida da Boavista, Porto', '4', '2017/02/01', '2017/02/28', '400');
INSERT INTO oferta VALUES ('Avenida da Boavista, Porto', '4', '2017/03/01', '2017/03/31', '400');
INSERT INTO oferta VALUES ('Avenida da Boavista, Porto', '5', '2017/01/01', '2017/01/31', '450');
INSERT INTO oferta VALUES ('Avenida da Boavista, Porto', '5', '2017/02/01', '2017/02/28', '450');
INSERT INTO oferta VALUES ('Avenida da Boavista, Porto', '5', '2017/03/01', '2017/03/31', '450');

INSERT INTO oferta VALUES ('Avenida dos Aliados, Porto', '1', '2017/01/01', '2017/01/31', '1350');
INSERT INTO oferta VALUES ('Avenida dos Aliados, Porto', '1', '2017/02/01', '2017/02/28', '1350');
INSERT INTO oferta VALUES ('Avenida dos Aliados, Porto', '1', '2017/03/01', '2017/03/31', '1350');
INSERT INTO oferta VALUES ('Avenida dos Aliados, Porto', '2', '2017/01/01', '2017/01/31', '325');
INSERT INTO oferta VALUES ('Avenida dos Aliados, Porto', '2', '2017/02/01', '2017/02/28', '325');
INSERT INTO oferta VALUES ('Avenida dos Aliados, Porto', '2', '2017/03/01', '2017/03/31', '325');
INSERT INTO oferta VALUES ('Avenida dos Aliados, Porto', '3', '2017/01/01', '2017/01/31', '350');
INSERT INTO oferta VALUES ('Avenida dos Aliados, Porto', '3', '2017/02/01', '2017/02/28', '350');
INSERT INTO oferta VALUES ('Avenida dos Aliados, Porto', '3', '2017/03/01', '2017/03/31', '350');
INSERT INTO oferta VALUES ('Avenida dos Aliados, Porto', '4', '2017/01/01', '2017/01/31', '425');
INSERT INTO oferta VALUES ('Avenida dos Aliados, Porto', '4', '2017/02/01', '2017/03/31', '425');
INSERT INTO oferta VALUES ('Avenida dos Aliados, Porto', '4', '2017/03/01', '2017/03/31', '425');
INSERT INTO oferta VALUES ('Avenida dos Aliados, Porto', '5', '2017/01/01', '2017/01/31', '435');
INSERT INTO oferta VALUES ('Avenida dos Aliados, Porto', '5', '2017/02/01', '2017/02/28', '435');
INSERT INTO oferta VALUES ('Avenida dos Aliados, Porto', '5', '2017/03/01', '2017/03/31', '435');

INSERT INTO oferta VALUES ('Avenida da Liberdade, Lisboa', '1', '2017/01/01', '2017/01/31', '1800');
INSERT INTO oferta VALUES ('Avenida da Liberdade, Lisboa', '1', '2017/02/01', '2017/02/28', '1800');
INSERT INTO oferta VALUES ('Avenida da Liberdade, Lisboa', '1', '2017/03/01', '2017/03/31', '1800');
INSERT INTO oferta VALUES ('Avenida da Liberdade, Lisboa', '2', '2017/01/01', '2017/01/31', '300');
INSERT INTO oferta VALUES ('Avenida da Liberdade, Lisboa', '2', '2017/02/01', '2017/02/28', '300');
INSERT INTO oferta VALUES ('Avenida da Liberdade, Lisboa', '2', '2017/03/01', '2017/03/31', '300');
INSERT INTO oferta VALUES ('Avenida da Liberdade, Lisboa', '3', '2017/01/01', '2017/01/31', '350');
INSERT INTO oferta VALUES ('Avenida da Liberdade, Lisboa', '3', '2017/02/01', '2017/02/28', '350');
INSERT INTO oferta VALUES ('Avenida da Liberdade, Lisboa', '3', '2017/03/01', '2017/03/31', '350');
INSERT INTO oferta VALUES ('Avenida da Liberdade, Lisboa', '4', '2017/01/01', '2017/01/31', '400');
INSERT INTO oferta VALUES ('Avenida da Liberdade, Lisboa', '4', '2017/02/01', '2017/02/28', '400');
INSERT INTO oferta VALUES ('Avenida da Liberdade, Lisboa', '4', '2017/03/01', '2017/03/31', '400');
INSERT INTO oferta VALUES ('Avenida da Liberdade, Lisboa', '5', '2017/01/01', '2017/01/31', '450');
INSERT INTO oferta VALUES ('Avenida da Liberdade, Lisboa', '5', '2017/02/01', '2017/02/28', '450');
INSERT INTO oferta VALUES ('Avenida da Liberdade, Lisboa', '5', '2017/03/01', '2017/03/31', '450');

INSERT INTO oferta VALUES ('Avenida da Republica, Lisboa', '1', '2017/01/01', '2017/01/31', '1500');
INSERT INTO oferta VALUES ('Avenida da Republica, Lisboa', '1', '2017/02/01', '2017/02/28', '1500');
INSERT INTO oferta VALUES ('Avenida da Republica, Lisboa', '1', '2017/03/01', '2017/03/31', '1500');
INSERT INTO oferta VALUES ('Avenida da Republica, Lisboa', '2', '2017/01/01', '2017/01/31', '200');
INSERT INTO oferta VALUES ('Avenida da Republica, Lisboa', '2', '2017/02/01', '2017/02/28', '200');
INSERT INTO oferta VALUES ('Avenida da Republica, Lisboa', '2', '2017/03/01', '2017/03/31', '200');
INSERT INTO oferta VALUES ('Avenida da Republica, Lisboa', '3', '2017/01/01', '2017/01/31', '250');
INSERT INTO oferta VALUES ('Avenida da Republica, Lisboa', '3', '2017/02/01', '2017/02/28', '250');
INSERT INTO oferta VALUES ('Avenida da Republica, Lisboa', '3', '2017/03/01', '2017/03/31', '250');
INSERT INTO oferta VALUES ('Avenida da Republica, Lisboa', '4', '2017/01/01', '2017/01/31', '300');
INSERT INTO oferta VALUES ('Avenida da Republica, Lisboa', '4', '2017/02/01', '2017/02/28', '300');
INSERT INTO oferta VALUES ('Avenida da Republica, Lisboa', '4', '2017/03/01', '2017/03/31', '300');
INSERT INTO oferta VALUES ('Avenida da Republica, Lisboa', '5', '2017/01/01', '2017/01/31', '400');
INSERT INTO oferta VALUES ('Avenida da Republica, Lisboa', '5', '2017/02/01', '2017/02/28', '400');
INSERT INTO oferta VALUES ('Avenida da Republica, Lisboa', '5', '2017/03/01', '2017/03/31', '400');

INSERT INTO oferta VALUES ('Praca do Giraldo, Evora', '1', '2017/01/01', '2017/01/31', '1000');
INSERT INTO oferta VALUES ('Praca do Giraldo, Evora', '1', '2017/02/01', '2017/02/28', '1000');
INSERT INTO oferta VALUES ('Praca do Giraldo, Evora', '1', '2017/03/01', '2017/03/31', '1000');
INSERT INTO oferta VALUES ('Praca do Giraldo, Evora', '2', '2017/01/01', '2017/01/31', '200');
INSERT INTO oferta VALUES ('Praca do Giraldo, Evora', '2', '2017/02/01', '2017/02/28', '200');
INSERT INTO oferta VALUES ('Praca do Giraldo, Evora', '2', '2017/03/01', '2017/03/31', '200');
INSERT INTO oferta VALUES ('Praca do Giraldo, Evora', '3', '2017/01/01', '2017/01/31', '100');
INSERT INTO oferta VALUES ('Praca do Giraldo, Evora', '3', '2017/02/01', '2017/02/28', '100');
INSERT INTO oferta VALUES ('Praca do Giraldo, Evora', '3', '2017/03/01', '2017/03/31', '100');
INSERT INTO oferta VALUES ('Praca do Giraldo, Evora', '4', '2017/01/01', '2017/01/31', '250');
INSERT INTO oferta VALUES ('Praca do Giraldo, Evora', '4', '2017/02/01', '2017/02/28', '250');
INSERT INTO oferta VALUES ('Praca do Giraldo, Evora', '4', '2017/03/01', '2017/03/31', '250');
INSERT INTO oferta VALUES ('Praca do Giraldo, Evora', '5', '2017/01/01', '2017/01/31', '300');
INSERT INTO oferta VALUES ('Praca do Giraldo, Evora', '5', '2017/02/01', '2017/02/28', '300');
INSERT INTO oferta VALUES ('Praca do Giraldo, Evora', '5', '2017/03/01', '2017/03/31', '300');

/* TABELA ALUGA */

INSERT INTO aluga VALUES ('Avenida da Liberdade, Lisboa', '1', '2017/01/01', '333333333', '1');
INSERT INTO aluga VALUES ('Avenida da Liberdade, Lisboa', '1', '2017/02/01', '333333333', '2');
INSERT INTO aluga VALUES ('Avenida da Liberdade, Lisboa', '1', '2017/03/01', '333333333', '3');
INSERT INTO aluga VALUES ('Avenida da Liberdade, Lisboa', '2', '2017/01/01', '333333333', '4');
INSERT INTO aluga VALUES ('Avenida da Liberdade, Lisboa', '2', '2017/02/01', '333333333', '5');
INSERT INTO aluga VALUES ('Avenida da Liberdade, Lisboa', '2', '2017/03/01', '333333333', '6');
INSERT INTO aluga VALUES ('Avenida da Liberdade, Lisboa', '3', '2017/01/01', '444444444', '7');
INSERT INTO aluga VALUES ('Avenida da Liberdade, Lisboa', '3', '2017/02/01', '444444444', '8');
INSERT INTO aluga VALUES ('Avenida da Liberdade, Lisboa', '3', '2017/03/01', '444444444', '9');
INSERT INTO aluga VALUES ('Avenida da Liberdade, Lisboa', '4', '2017/01/01', '222222222', '10');
INSERT INTO aluga VALUES ('Avenida da Liberdade, Lisboa', '4', '2017/02/01', '222222222', '11');
INSERT INTO aluga VALUES ('Avenida da Liberdade, Lisboa', '4', '2017/03/01', '222222222', '12');
INSERT INTO aluga VALUES ('Avenida da Liberdade, Lisboa', '5', '2017/01/01', '444444444', '13');
INSERT INTO aluga VALUES ('Avenida da Liberdade, Lisboa', '5', '2017/02/01', '444444444', '14');
INSERT INTO aluga VALUES ('Avenida da Liberdade, Lisboa', '5', '2017/03/01', '444444444', '15');

INSERT INTO aluga VALUES ('Avenida da Republica, Lisboa', '1', '2017/01/01', '222222222', '16');
INSERT INTO aluga VALUES ('Avenida da Republica, Lisboa', '1', '2017/02/01', '222222222', '17');
INSERT INTO aluga VALUES ('Avenida da Republica, Lisboa', '1', '2017/03/01', '222222222', '18');
INSERT INTO aluga VALUES ('Avenida da Republica, Lisboa', '2', '2017/01/01', '333333333', '19');
INSERT INTO aluga VALUES ('Avenida da Republica, Lisboa', '2', '2017/02/01', '333333333', '20');
INSERT INTO aluga VALUES ('Avenida da Republica, Lisboa', '2', '2017/03/01', '333333333', '21');
INSERT INTO aluga VALUES ('Avenida da Republica, Lisboa', '3', '2017/01/01', '222222222', '22');
INSERT INTO aluga VALUES ('Avenida da Republica, Lisboa', '3', '2017/02/01', '222222222', '23');
INSERT INTO aluga VALUES ('Avenida da Republica, Lisboa', '3', '2017/03/01', '222222222', '24');
INSERT INTO aluga VALUES ('Avenida da Republica, Lisboa', '4', '2017/02/01', '111111111', '25');
INSERT INTO aluga VALUES ('Avenida da Republica, Lisboa', '4', '2017/03/01', '111111111', '26');
INSERT INTO aluga VALUES ('Avenida da Republica, Lisboa', '5', '2017/01/01', '444444444', '27');

INSERT INTO aluga VALUES ('Avenida da Boavista, Porto', '1', '2017/01/01', '111111111', '28');
INSERT INTO aluga VALUES ('Avenida da Boavista, Porto', '1', '2017/03/01', '111111111', '29');
INSERT INTO aluga VALUES ('Avenida da Boavista, Porto', '2', '2017/02/01', '111111111', '30');
INSERT INTO aluga VALUES ('Avenida da Boavista, Porto', '2', '2017/03/01', '111111111', '31');
INSERT INTO aluga VALUES ('Avenida da Boavista, Porto', '3', '2017/01/01', '111111111', '32');
INSERT INTO aluga VALUES ('Avenida da Boavista, Porto', '3', '2017/03/01', '111111111', '33');
INSERT INTO aluga VALUES ('Avenida da Boavista, Porto', '4', '2017/02/01', '222222222', '34');
INSERT INTO aluga VALUES ('Avenida da Boavista, Porto', '4', '2017/03/01', '222222222', '35');
INSERT INTO aluga VALUES ('Avenida da Boavista, Porto', '5', '2017/01/01', '222222222', '36');
INSERT INTO aluga VALUES ('Avenida da Boavista, Porto', '5', '2017/02/01', '222222222', '37');

INSERT INTO aluga VALUES ('Avenida dos Aliados, Porto', '1', '2017/01/01', '444444444', '38');
INSERT INTO aluga VALUES ('Avenida dos Aliados, Porto', '1', '2017/02/01', '444444444', '39');
INSERT INTO aluga VALUES ('Avenida dos Aliados, Porto', '1', '2017/03/01', '444444444', '40');
INSERT INTO aluga VALUES ('Avenida dos Aliados, Porto', '2', '2017/01/01', '444444444', '41');
INSERT INTO aluga VALUES ('Avenida dos Aliados, Porto', '3', '2017/02/01', '333333333', '42');
INSERT INTO aluga VALUES ('Avenida dos Aliados, Porto', '5', '2017/01/01', '111111111', '43');
INSERT INTO aluga VALUES ('Avenida dos Aliados, Porto', '5', '2017/02/01', '111111111', '44');
INSERT INTO aluga VALUES ('Avenida dos Aliados, Porto', '5', '2017/03/01', '111111111', '45');

INSERT INTO aluga VALUES ('Praca do Giraldo, Evora', '1', '2017/01/01', '333333333', '46');
INSERT INTO aluga VALUES ('Praca do Giraldo, Evora', '2', '2017/01/01', '444444444', '47');
INSERT INTO aluga VALUES ('Praca do Giraldo, Evora', '3', '2017/02/01', '222222222', '48');
INSERT INTO aluga VALUES ('Praca do Giraldo, Evora', '3', '2017/03/01', '222222222', '49');
INSERT INTO aluga VALUES ('Praca do Giraldo, Evora', '4', '2017/02/01', '111111111', '50');

/* TABELA PAGA */

INSERT INTO paga VALUES ('1', '2016/08/01', 'C');
INSERT INTO paga VALUES ('2', '2016/08/05', 'M');
INSERT INTO paga VALUES ('4', '2016/09/01', 'C');
INSERT INTO paga VALUES ('5', '2016/08/06', 'C');
INSERT INTO paga VALUES ('8', '2016/10/03', 'C');
INSERT INTO paga VALUES ('10', '2016/09/23', 'C');
INSERT INTO paga VALUES ('13', '2016/10/28', 'C');
INSERT INTO paga VALUES ('15', '2016/09/25', 'C');
INSERT INTO paga VALUES ('17', '2016/08/31', 'M');
INSERT INTO paga VALUES ('18', '2016/09/20', 'M');
INSERT INTO paga VALUES ('19', '2016/10/10', 'M');
INSERT INTO paga VALUES ('20', '2016/09/26', 'C');
INSERT INTO paga VALUES ('21', '2016/10/29', 'C');
INSERT INTO paga VALUES ('22', '2016/09/30', 'C');
INSERT INTO paga VALUES ('25', '2016/11/10', 'C');
INSERT INTO paga VALUES ('27', '2016/10/27', 'M');
INSERT INTO paga VALUES ('28', '2016/11/20', 'M');
INSERT INTO paga VALUES ('30', '2016/11/19', 'C');
INSERT INTO paga VALUES ('32', '2016/11/04', 'C');
INSERT INTO paga VALUES ('33', '2016/11/05', 'C');
INSERT INTO paga VALUES ('34', '2016/11/20', 'C');
INSERT INTO paga VALUES ('35', '2016/10/29', 'M');
INSERT INTO paga VALUES ('38', '2016/09/23', 'C');
INSERT INTO paga VALUES ('39', '2016/11/01', 'C');
INSERT INTO paga VALUES ('43', '2016/11/02', 'C');
INSERT INTO paga VALUES ('46', '2016/11/03', 'C');
INSERT INTO paga VALUES ('47', '2016/11/05', 'C');
INSERT INTO paga VALUES ('48', '2016/10/25', 'C');
INSERT INTO paga VALUES ('49', '2016/11/08', 'M');
INSERT INTO paga VALUES ('50', '2016/11/03', 'M');
INSERT INTO paga VALUES ('40', '2016/09/26', 'C');
INSERT INTO paga VALUES ('41', '2016/10/16', 'C');
INSERT INTO paga VALUES ('42', '2016/11/15', 'M');

/* TABELA ESTADO */

INSERT INTO estado VALUES ('1', CURRENT_TIMESTAMP(), 'ACEITE');
INSERT INTO estado VALUES ('2', CURRENT_TIMESTAMP(), 'ACEITE');
INSERT INTO estado VALUES ('3', CURRENT_TIMESTAMP(), 'PENDENTE');
INSERT INTO estado VALUES ('4', CURRENT_TIMESTAMP(), 'ACEITE');
INSERT INTO estado VALUES ('5', CURRENT_TIMESTAMP(), 'ACEITE');
INSERT INTO estado VALUES ('6', CURRENT_TIMESTAMP(), 'PENDENTE');
INSERT INTO estado VALUES ('7', CURRENT_TIMESTAMP(), 'PENDENTE');
INSERT INTO estado VALUES ('8', CURRENT_TIMESTAMP(), 'ACEITE');
INSERT INTO estado VALUES ('9', CURRENT_TIMESTAMP(), 'PENDENTE');
INSERT INTO estado VALUES ('10', CURRENT_TIMESTAMP(), 'ACEITE');
INSERT INTO estado VALUES ('11', CURRENT_TIMESTAMP(), 'PENDENTE');
INSERT INTO estado VALUES ('12', CURRENT_TIMESTAMP(), 'PENDENTE');
INSERT INTO estado VALUES ('13', CURRENT_TIMESTAMP(), 'ACEITE');
INSERT INTO estado VALUES ('14', CURRENT_TIMESTAMP(), 'PENDENTE');
INSERT INTO estado VALUES ('15', CURRENT_TIMESTAMP(), 'ACEITE');
INSERT INTO estado VALUES ('16', CURRENT_TIMESTAMP(), 'PENDENTE');
INSERT INTO estado VALUES ('17', CURRENT_TIMESTAMP(), 'ACEITE');
INSERT INTO estado VALUES ('18', CURRENT_TIMESTAMP(), 'ACEITE');
INSERT INTO estado VALUES ('19', CURRENT_TIMESTAMP(), 'ACEITE');
INSERT INTO estado VALUES ('20', CURRENT_TIMESTAMP(), 'PENDENTE');
INSERT INTO estado VALUES ('21', CURRENT_TIMESTAMP(), 'ACEITE');
INSERT INTO estado VALUES ('22', CURRENT_TIMESTAMP(), 'ACEITE');
INSERT INTO estado VALUES ('23', CURRENT_TIMESTAMP(), 'PENDENTE');
INSERT INTO estado VALUES ('24', CURRENT_TIMESTAMP(), 'PENDENTE');
INSERT INTO estado VALUES ('25', CURRENT_TIMESTAMP(), 'ACEITE');
INSERT INTO estado VALUES ('26', CURRENT_TIMESTAMP(), 'PENDENTE');
INSERT INTO estado VALUES ('27', CURRENT_TIMESTAMP(), 'ACEITE');
INSERT INTO estado VALUES ('28', CURRENT_TIMESTAMP(), 'ACEITE');
INSERT INTO estado VALUES ('29', CURRENT_TIMESTAMP(), 'PENDENTE');
INSERT INTO estado VALUES ('30', CURRENT_TIMESTAMP(), 'ACEITE');
INSERT INTO estado VALUES ('31', CURRENT_TIMESTAMP(), 'PENDENTE');
INSERT INTO estado VALUES ('32', CURRENT_TIMESTAMP(), 'ACEITE');
INSERT INTO estado VALUES ('33', CURRENT_TIMESTAMP(), 'ACEITE');
INSERT INTO estado VALUES ('34', CURRENT_TIMESTAMP(), 'ACEITE');
INSERT INTO estado VALUES ('35', CURRENT_TIMESTAMP(), 'ACEITE');
INSERT INTO estado VALUES ('36', CURRENT_TIMESTAMP(), 'PENDENTE');
INSERT INTO estado VALUES ('37', CURRENT_TIMESTAMP(), 'PENDENTE');
INSERT INTO estado VALUES ('38', CURRENT_TIMESTAMP(), 'ACEITE');
INSERT INTO estado VALUES ('39', CURRENT_TIMESTAMP(), 'ACEITE');
INSERT INTO estado VALUES ('40', CURRENT_TIMESTAMP(), 'ACEITE');
INSERT INTO estado VALUES ('41', CURRENT_TIMESTAMP(), 'ACEITE');
INSERT INTO estado VALUES ('42', CURRENT_TIMESTAMP(), 'ACEITE');
INSERT INTO estado VALUES ('43', CURRENT_TIMESTAMP(), 'ACEITE');
INSERT INTO estado VALUES ('44', CURRENT_TIMESTAMP(), 'PENDENTE');
INSERT INTO estado VALUES ('45', CURRENT_TIMESTAMP(), 'PENDENTE');
INSERT INTO estado VALUES ('46', CURRENT_TIMESTAMP(), 'ACEITE');
INSERT INTO estado VALUES ('47', CURRENT_TIMESTAMP(), 'ACEITE');
INSERT INTO estado VALUES ('48', CURRENT_TIMESTAMP(), 'ACEITE');
INSERT INTO estado VALUES ('49', CURRENT_TIMESTAMP(), 'ACEITE');
INSERT INTO estado VALUES ('50', CURRENT_TIMESTAMP(), 'ACEITE');